Scenario_ID,Model_ID,Condition,SSF1,SSF2,SSF3,SSF4,SSF5,SSF6,SSF7
S2-ISO-01,gpt-4o,baseline,0.6666666666666666,0.0,0.0,0.5,0.0,0.0,0.0
S2-ISO-01,gpt-4o,ikwe,0.9166666666666666,0.0,0.0,0.8333333333333334,0.0,0.0,0.0
S2-ROM-01,gpt-4o,baseline,0.8333333333333334,0.0,0.1111111111111111,0.1111111111111111,0.0,0.0,0.0
S2-ROM-01,gpt-4o,ikwe,1.0,0.0,0.0,0.25,0.0,0.0,0.0
